{
  "confusion_matrix": [
    [
      82,
      0,
      1,
      0,
      0,
      1,
      1,
      0,
      1
    ],
    [
      0,
      150,
      0,
      0,
      0,
      0,
      0,
      0,
      0
    ],
    [
      1,
      0,
      59,
      8,
      0,
      6,
      29,
      4,
      5
    ],
    [
      0,
      0,
      0,
      49,
      1,
      0,
      3,
      0,
      0
    ],
    [
      0,
      0,
      0,
      1,
      148,
      0,
      0,
      0,
      1
    ],
    [
      0,
      0,
      0,
      0,
      0,
      10,
      0,
      0,
      0
    ],
    [
      1,
      0,
      7,
      13,
      0,
      1,
      67,
      0,
      3
    ],
    [
      0,
      0,
      2,
      3,
      0,
      4,
      6,
      37,
      0
    ],
    [
      1,
      0,
      0,
      18,
      0,
      0,
      4,
      0,
      57
    ]
  ],
  "class_names": [
    "Bacteria",
    "Early_blight",
    "Fungi",
    "Healthy",
    "Late_blight",
    "Nematode",
    "Pest",
    "Phytopthora",
    "Virus"
  ],
  "error_rates": {
    "false_positive": [
      0.004291845493562232,
      0.0,
      0.014858841010401188,
      0.05874316939890711,
      0.0015748031496062992,
      0.015483870967741935,
      0.06204906204906205,
      0.005457025920873124,
      0.014184397163120567
    ],
    "false_negative": [
      0.046511627906976744,
      0.0,
      0.4732142857142857,
      0.07547169811320754,
      0.013333333333333334,
      0.0,
      0.2717391304347826,
      0.28846153846153844,
      0.2875
    ],
    "precision": [
      0.9647058823529412,
      1.0,
      0.855072463768116,
      0.532608695652174,
      0.9932885906040269,
      0.45454545454545453,
      0.6090909090909091,
      0.9024390243902439,
      0.8507462686567164
    ],
    "recall": [
      0.9534883720930233,
      1.0,
      0.5267857142857143,
      0.9245283018867925,
      0.9866666666666667,
      1.0,
      0.7282608695652174,
      0.7115384615384616,
      0.7125
    ]
  },
  "roc_auc": {
    "Bacteria": 0.9980536979738497,
    "Early_blight": 1.0,
    "Fungi": 0.9525313097007004,
    "Healthy": 0.9886586246004743,
    "Late_blight": 0.9999265091863517,
    "Nematode": 0.9976774193548386,
    "Pest": 0.9429700734048558,
    "Phytopthora": 0.9795623884982684,
    "Virus": 0.9794858156028369
  }
}